CNTR_BN_CODE,CNTR_CODE
1,AQ
2,AQ
3,AQ
4,AQ
5,AQ
6,AQ
7,AQ
8,AQ
9,AQ
10,AQ
11,AQ
12,AQ
13,AQ
14,AQ
15,AQ
16,AQ
17,AQ
18,AQ
19,AQ
20,AQ
21,AQ
22,AQ
23,AQ
24,AQ
25,AQ
26,AQ
27,AQ
28,AQ
29,AQ
30,AQ
31,AQ
32,AQ
33,AQ
34,AQ
35,AQ
36,AQ
37,AQ
38,AQ
39,AQ
40,AQ
41,AQ
42,AQ
43,AQ
44,AQ
45,AQ
46,AQ
47,AQ
48,AQ
49,AQ
50,AQ
51,AQ
52,AQ
53,AQ
54,AQ
55,AQ
56,AQ
57,AQ
58,AQ
59,AQ
60,AQ
61,AQ
62,AQ
63,AQ
64,AQ
65,AQ
66,AQ
67,AQ
68,AQ
69,AQ
70,AQ
71,AQ
72,AQ
73,AQ
74,AQ
75,AQ
76,AQ
77,AQ
78,AQ
79,AQ
80,AQ
81,AQ
82,AQ
83,AQ
84,AQ
85,AQ
86,AQ
87,AQ
88,AQ
89,AQ
90,AQ
91,AQ
92,AQ
93,AQ
94,AQ
95,AQ
96,AQ
97,AQ
98,AQ
99,AQ
100,AQ
101,AQ
102,AQ
103,AQ
104,AQ
105,AQ
106,AQ
107,AQ
108,AQ
109,AQ
110,AQ
111,AQ
112,AQ
113,AQ
114,AQ
115,AQ
116,AQ
117,AQ
118,AQ
119,AQ
120,AQ
121,AQ
122,AQ
123,AQ
124,AQ
125,AQ
126,AQ
127,AQ
128,AQ
129,AQ
130,AQ
131,AQ
132,AQ
133,AQ
134,AQ
135,AQ
136,AQ
137,AQ
138,AQ
139,AQ
140,AQ
141,AQ
142,AQ
143,AQ
144,AQ
145,AQ
146,AQ
147,AQ
148,AQ
149,AQ
150,AQ
151,AQ
152,AQ
153,AQ
154,AQ
155,AQ
156,AQ
157,AQ
158,AQ
159,AQ
160,AQ
161,AQ
162,AQ
163,AQ
164,AQ
165,AQ
166,AQ
167,AQ
168,AQ
169,AQ
170,CL
171,FK
172,FK
173,AQ
174,AQ
175,AQ
176,AQ
177,AQ
178,AQ
179,AQ
180,AQ
181,AQ
182,AQ
183,AQ
184,AQ
185,AQ
186,AQ
187,AQ
188,AQ
189,AQ
190,AQ
191,AQ
192,AQ
193,AQ
194,AQ
195,AQ
196,AQ
197,AQ
198,AQ
199,AQ
200,AQ
201,AQ
202,AQ
203,AQ
204,AQ
205,AQ
206,AQ
207,AQ
208,AQ
209,AQ
210,AQ
211,AQ
212,AQ
213,AQ
214,AQ
215,AQ
216,FK
217,CL
218,FK
219,FK
220,FK
221,CL
222,CL
223,NZ
224,CL
225,NZ
226,CL
227,CL
228,CL
229,CL
230,NZ
231,TF
232,CL
233,TF
234,CL
235,TF
236,CL
237,TF
238,CL
239,TF
240,CL
241,TF
242,TF
243,TF
244,TF
245,CL
246,CL
247,CL
248,NZ
249,CL
250,CL
251,AR
252,CL
253,AR
254,CL
255,GS
256,CL
257,CL
258,BV
259,CL
260,CL
261,CL
262,CL
263,CL
264,CL
265,CL
266,CL
267,CL
268,CL
269,CL
270,CL
271,CL
272,CL
273,CL
274,CL
275,CL
276,CL
277,CL
278,GS
279,CL
280,CL
281,CL
282,CL
283,CL
284,CL
285,CL
286,CL
287,HM
288,HM
289,CL
290,FK
291,CL
292,CL
293,CL
294,AR
295,AR
296,CL
297,CL
298,CL
299,CL
300,NZ
301,CL
302,CL
303,FK
304,CL
305,FK
306,CL
307,CL
308,FK
309,FK
310,FK
311,CL
312,CL
313,FK
314,FK
315,FK
316,FK
317,FK
318,FK
319,CL
320,FK
321,CL
322,FK
323,CL
324,CL
325,CL
326,CL
327,CL
328,FK
329,FK
330,CL
331,FK
332,FK
333,CL
334,FK
335,CL
336,CL
337,NZ
338,CL
339,CL
340,CL
341,ZA
342,NZ
343,NZ
344,CL
345,CL
346,NZ
347,ZA
348,NZ
349,TF
350,TF
351,CL
352,TF
353,NZ
354,CL
355,NZ
356,CL
357,CL
358,CL
359,CL
360,CL
361,CL
362,CL
363,CL
364,CL
365,CL
366,CL
367,CL
368,CL
369,CL
370,CL
371,CL
372,CL
373,CL
374,CL
375,CL
376,CL
377,CL
378,CL
379,NZ
380,CL
381,CL
382,CL
383,CL
384,CL
385,AQ
386,AQ
387,AQ
388,AQ
389,AQ
390,AQ
391,AQ
392,AQ
393,AQ
394,AQ
395,AQ
396,AQ
397,AQ
398,AQ
399,AQ
400,AQ
401,AQ
402,AQ
403,AQ
404,AQ
405,AQ
406,AQ
407,AQ
408,AQ
409,AQ
410,GS
411,GS
412,GS
413,GS
414,GS
415,GS
416,GS
417,CL
418,GS
419,CL
420,CL
421,CL
422,CL
423,CL
424,CL
425,CL
426,CL
427,CL
428,CL
429,CL
430,CL
431,CL
432,CL
433,CL
434,LS
435,PF
436,BR
437,AU
438,CL
439,AU
440,ZA
441,MZ
442,CL
443,MZ
444,AU
445,MZ
446,AU
447,SZ
448,AR
449,BR
450,AU
451,BR
452,AU
453,AU
454,AU
455,AU
456,NA
457,AU
458,PN
459,PF
460,AU
461,BR
462,BR
463,PF
464,PF
465,PF
466,AU
467,BR
468,AU
469,BR
470,BR
471,NA
472,AR
473,PF
474,NC
475,PF
476,MZ
477,NC
478,XO
479,NC
480,AR
481,AU
482,BW
483,ZA
484,NC
485,CK
486,MG
487,MZ
488,AR
489,AU
490,AU
491,MZ
492,AU
493,AU
494,NC
495,NC
496,PF
497,PF
498,TO
499,PF
500,CL
501,CL
502,CL
503,CL
504,NZ
505,CL
506,NZ
507,NZ
508,CL
509,AU
510,CL
511,CL
512,AU
513,CL
514,AU
515,AU
516,CL
517,CL
518,AU
519,CL
520,CL
521,CL
522,CL
523,CL
524,AU
525,CL
526,CL
527,CL
528,CL
529,CL
530,CL
531,CL
532,AU
533,CL
534,CL
535,CL
536,CL
537,CL
538,CL
539,NZ
540,NZ
541,AR
542,NZ
543,AU
544,NZ
545,AU
546,AR
547,AU
548,AR
549,AU
550,AR
551,AU
552,AR
553,SH
554,AU
555,AU
556,AU
557,AU
558,AU
559,AR
560,AR
561,AR
562,AR
563,TF
564,AU
565,AU
566,CL
567,AU
568,TF
569,NZ
570,SH
571,NZ
572,SH
573,CL
574,NZ
575,NZ
576,NZ
577,NZ
578,NZ
579,NZ
580,NZ
581,NZ
582,CK
583,TO
584,NC
585,AU
586,FR
587,AU
588,AU
589,NC
590,AU
591,FJ
592,NC
593,PF
594,AU
595,AU
596,BR
597,AU
598,AU
599,AU
600,NC
601,TO
602,AU
603,BR
604,NC
605,VU
606,CK
607,NC
608,AU
609,NC
610,NC
611,MU
612,CK
613,CK
614,TO
615,TO
616,TO
617,MU
618,NC
619,TO
620,PF
621,NC
622,VU
623,VU
624,BO
625,CK
626,NC
627,PF
628,FJ
629,MG
630,FJ
631,FJ
632,AU
633,FJ
634,NU
635,FJ
636,FJ
637,FJ
638,FJ
639,CK
640,AU
641,AU
642,FJ
643,VU
644,TO
645,FJ
646,FJ
647,FJ
648,CL
649,FJ
650,PF
651,FJ
652,AU
653,PF
654,TO
655,FJ
656,FJ
657,BW
658,BW
659,FJ
660,BW
661,FJ
662,AU
663,AU
664,AU
665,AU
666,AU
667,AU
668,AU
669,AU
670,NZ
671,AU
672,AU
673,CL
674,AU
675,CL
676,AU
677,ZA
678,AR
679,UY
680,AU
681,AU
682,AU
683,AU
684,BR
685,AR
686,BR
687,NZ
688,CL
689,NF
690,MZ
691,AU
692,ID
693,PG
694,MU
695,CK
696,ID
697,PF
698,CX
699,SB
700,SB
701,PG
702,PG
703,SB
704,SB
705,SC
706,AU
707,ID
708,AU
709,AU
710,PF
711,AU
712,PF
713,SB
714,AU
715,PG
716,SB
717,SC
718,PF
719,BO
720,SC
721,PG
722,AU
723,SC
724,MW
725,MW
726,SC
727,AU
728,XO
729,AU
730,AU
731,SB
732,AU
733,KM
734,PG
735,PG
736,PG
737,SB
738,SB
739,AU
740,AU
741,PG
742,PG
743,PG
744,MZ
745,AU
746,PG
747,AU
748,AS
749,AU
750,AU
751,BO
752,ID
753,AO
754,MZ
755,SB
756,SB
757,ID
758,PG
759,PG
760,SB
761,SB
762,PG
763,PG
764,ID
765,PG
766,AU
767,PG
768,AU
769,MZ
770,ID
771,ID
772,PG
773,AU
774,ID
775,ID
776,ID
777,SB
778,AU
779,ID
780,PF
781,PG
782,SB
783,ID
784,PG
785,SB
786,AU
787,TL
788,PG
789,PG
790,TL
791,ID
792,SB
793,TZ
794,PG
795,SB
796,CK
797,SB
798,ID
799,ID
800,PG
801,TZ
802,PG
803,PG
804,ID
805,PF
806,SB
807,ID
808,PG
809,PF
810,ID
811,SB
812,SB
813,PG
814,SB
815,ID
816,PG
817,ID
818,ID
819,PG
820,SB
821,TK
822,PG
823,SB
824,ID
825,PG
826,PG
827,ID
828,FJ
829,FJ
830,FJ
831,FJ
832,PF
833,FJ
834,FJ
835,PF
836,VU
837,PF
838,CL
839,BO
840,PF
841,NA
842,PF
843,VU
844,FJ
845,FJ
846,VU
847,AU
848,FJ
849,PF
850,NA
851,FJ
852,FJ
853,FJ
854,FJ
855,FJ
856,FJ
857,FJ
858,FJ
859,XO
860,VU
861,AU
862,FJ
863,AO
864,FJ
865,VU
866,FJ
867,FJ
868,AU
869,FJ
870,FJ
871,PF
872,MG
873,FJ
874,PF
875,FJ
876,PF
877,VU
878,FJ
879,AU
880,AO
881,VU
882,PF
883,FJ
884,PF
885,VU
886,AU
887,AU
888,AU
889,PF
890,AU
891,FJ
892,PF
893,VU
894,AU
895,AU
896,AU
897,MG
898,PF
899,TO
900,AU
901,SH
902,VU
903,XO
904,MG
905,PF
906,PF
907,PF
908,PF
909,MZ
910,ZM
911,AU
912,TO
913,PF
914,VU
915,AU
916,AU
917,VU
918,AU
919,VU
920,AU
921,AU
922,AU
923,VU
924,PF
925,AU
926,PF
927,VU
928,AU
929,PF
930,MG
931,AU
932,VU
933,WF
934,AU
935,WF
936,PE
937,AS
938,AS
939,VU
940,AS
941,AU
942,MG
943,MG
944,MZ
945,MG
946,AU
947,AU
948,VU
949,PE
950,AU
951,WS
952,VU
953,AU
954,AU
955,AU
956,VU
957,MG
958,VU
959,WS
960,MG
961,AU
962,AU
963,VU
964,VU
965,MG
966,WF
967,VU
968,CK
969,MG
970,AU
971,VU
972,AU
973,MG
974,FR
975,BR
976,FR
977,AU
978,AU
979,FJ
980,FJ
981,MZ
982,MZ
983,SB
984,KM
985,MZ
986,AU
987,CC
988,AU
989,KM
990,AU
991,AU
992,AU
993,PE
994,AU
995,AU
996,MW
997,MW
998,AU
999,MG
1000,AU
1001,AU
1002,AU
1003,CC
1004,AU
1005,AU
1006,AU
1007,SB
1008,AU
1009,MW
1010,AU
4017,FI
4018,US
4019,FI
4020,CA
4021,FI
4022,NO
4023,RU
4024,US
4025,CA
4026,RU
4027,NO
4028,UK
4029,SE
4030,UK
4031,CA
4032,EE
4033,UK
4034,LV
4035,SE
4036,SE
4037,UK
4038,CA
4039,US
4040,SE
4041,EE
4042,EE
4043,CA
4044,EE
4045,EE
4046,SE
4047,SE
4048,CA
4049,US
4050,UK
4051,US
4052,US
4053,US
4054,SE
4055,SE
4056,CA
4057,EE
4058,CA
4059,SE
4060,CA
4061,SE
4062,US
4063,UK
4064,US
4065,CA
4066,RU
4067,CA
4068,US
4069,EE
4070,US
4071,UK
4072,EE
4073,EE
4074,CA
4075,SE
4076,FI
4077,US
4078,GL
4079,US
4080,CA
4081,CA
4082,CA
4083,US
4084,UK
4085,RU
4086,UK
4087,NO
4088,FI
4089,CA
4090,US
4091,US
4092,NO
4093,UK
4094,RU
4095,US
4096,GL
4097,NO
4098,GL
4099,CA
4100,GL
4101,UK
4102,GL
4103,CA
4104,GL
4105,NO
4106,US
4107,GL
4108,CA
4109,GL
4110,NO
4111,US
4112,SE
4113,NO
4114,FI
4115,NO
4116,GL
4117,CA
4118,NO
4119,NO
4120,CA
4121,NO
4122,NO
4123,SE
4124,GL
4125,RU
4126,NO
4127,RU
4128,FO
4129,FI
4130,GL
4131,NO
4132,NO
4133,GL
4134,GL
4135,CA
4136,FO
4137,GL
4138,CA
4139,CA
4140,CA
4141,CA
4142,FO
4143,CA
4144,CA
4145,GL
4146,CA
4147,FO
4148,CA
4149,CA
4150,CA
4151,GL
4152,FO
4153,CA
4154,CA
4155,CA
4156,GL
4157,SE
4158,NO
4159,NO
4160,GL
4161,CA
4162,FO
4163,FO
4164,NO
4165,GL
4166,FO
4167,CA
4168,SE
4169,NO
4170,GL
4171,CA
4172,CA
4173,NO
4174,CA
4175,CA
4176,CA
4177,GL
4178,CA
4179,US
4180,US
4181,SE
4182,US
4183,CA
4184,SE
4185,CA
4186,US
4187,SE
4188,SE
4189,UK
4190,US
4191,SE
4192,CA
4193,SE
4194,CA
4195,US
4196,EE
4197,US
4198,SE
4199,UK
4200,NO
4201,EE
4202,CA
4203,UK
4204,UK
4205,US
4206,CA
4207,NO
4208,RU
4209,US
4210,UK
4211,NO
4212,RU
4213,UK
4214,CA
4215,UK
4216,US
4217,CA
4218,UK
4219,NO
4220,RU
4221,NO
4222,RU
4223,UK
4224,UK
4225,UK
4226,NO
4227,UK
4228,UK
4229,NO
4230,UK
4231,UK
4232,UK
4233,SE
4234,US
4235,SE
4236,US
4237,SE
4238,CA
4239,CA
4240,CA
4241,NO
4242,NO
4243,NO
4244,NO
4245,CA
4246,CA
4247,NO
4248,RU
4249,NO
4250,CA
4251,CA
4252,CA
4253,NO
4254,CA
4255,NO
4256,NO
4257,GL
4258,CA
4259,CA
4260,RU
4261,CA
4262,CA
4263,NO
4264,CA
4265,CA
4266,CA
4267,CA
4268,CA
4269,CA
4270,CA
4271,CA
4272,CA
4273,CA
4274,CA
4275,CA
4276,RU
4277,CA
4278,CA
4279,CA
4280,CA
4281,CA
4282,CA
4283,CA
4284,CA
4285,CA
4286,CA
4287,CA
4288,GL
4289,CA
4290,GL
4291,CA
4292,CA
4293,CA
4294,CA
4295,GL
4296,CA
4297,CA
4298,CA
4299,CA
4300,NO
4301,CA
4302,SE
4303,NO
4304,NO
4305,NO
4306,CA
4307,CA
4308,GL
4309,CA
4310,CA
4311,CA
4312,CA
4313,NO
4314,GL
4315,NO
4316,NO
4317,IS
4318,CA
4319,CA
4320,CA
4321,NO
4322,CA
4323,NO
4324,CA
4325,CA
4326,NO
4327,NO
4328,NO
4329,GL
4330,CA
4331,NO
4332,US
4333,GL
4334,CA
4335,US
4336,NO
4337,CA
4338,US
4339,NO
4340,NO
4341,CA
4342,RU
4343,RU
4344,US
4345,RU
4346,IS
4347,NO
4348,NO
4349,NO
4350,CA
4351,CA
4352,IS
4353,RU
4354,IS
4355,NO
4356,GL
4357,NO
4358,NO
4359,NO
4360,NO
4361,GL
4362,RU
4363,GL
4364,NO
4365,GL
4366,NO
4367,GL
4368,CA
4369,NO
4370,US
4371,GL
4372,CA
4373,RU
4374,NO
4375,RU
4376,NO
4377,NO
4378,GL
4379,RU
4380,CA
4381,CA
4382,CA
4383,CA
4384,CA
4385,CA
4386,CA
4387,GL
4388,CA
4389,CA
4390,GL
4391,CA
4392,CA
4393,CA
4394,NO
4395,CA
4396,CA
4397,CA
4398,CA
4399,CA
4400,CA
4401,CA
4402,CA
4403,GL
4404,CA
4405,CA
4406,CA
4407,GL
4408,CA
4409,CA
4410,GL
4411,CA
4412,CA
4413,GL
4414,CA
4415,CA
4416,CA
4417,GL
4418,CA
4419,CA
4420,GL
4421,CA
4422,CA
4423,CA
4424,CA
4425,RU
4426,CA
4427,CA
4428,NO
4429,CA
4430,NO
4431,CA
4432,CA
4433,NO
4434,NO
4435,US
4436,CA
4437,NO
4438,NO
4439,NO
4440,NO
4441,CA
4442,NO
4443,CA
4444,GL
4445,FI
4446,NO
4447,NO
4448,NO
4449,CA
4450,CA
4451,CA
4452,CA
4453,CA
4454,CA
4455,CA
4456,FI
4457,FI
4458,CA
4459,FI
4460,SE
4461,CA
4462,SE
4463,NO
4464,CA
4465,NO
4466,GL
4467,CA
4468,CA
4469,FI
4470,CA
4471,FI
4472,CA
4473,IS
4474,FI
4475,FI
4476,FI
4477,GL
4478,NO
4479,CA
4480,CA
4481,CA
4482,CA
4483,CA
4484,GL
4485,CA
4486,FI
4487,CA
4488,CA
4489,SE
4490,US
4491,CA
4492,CA
4493,GL
4494,CA
4495,CA
4496,CA
4497,CA
4498,NO
4499,CA
4500,CA
4501,CA
4502,CA
4503,CA
4504,CA
4505,US
4506,NO
4507,NO
4508,SE
4509,NO
4510,NO
4511,CA
4512,CA
4513,CA
4514,CA
4515,GL
4516,CA
4517,CA
4518,CA
4519,GL
4520,GL
4521,CA
4522,CA
4523,CA
4524,NO
4525,CA
4526,CA
4527,RU
4528,NO
4529,GL
4530,GL
4531,CA
4532,CA
4533,CA
4534,CA
4535,CA
4536,GL
4537,CA
4538,CA
4539,RU
4540,CA
4541,CA
4542,CA
4543,CA
4544,CA
4545,CA
4546,GL
4547,CA
4548,CA
4549,CA
4550,RU
4551,CA
4552,CA
4553,RU
4554,CA
4555,US
4556,GL
4557,GL
4558,GL
4559,NO
4560,RU
4561,NO
4562,RU
4563,RU
4564,CA
4565,NO
4566,NO
4567,CA
4568,RU
4569,GL
4570,RU
4571,RU
4572,CA
4573,US
4574,GL
4575,GL
4576,GL
4577,NO
4578,GL
4579,RU
4580,GL
4581,FI
4582,GL
4583,GL
4584,GL
4585,GL
4586,NO
4587,CA
4588,RU
4589,RU
4590,US
4591,GL
4592,NO
4593,SE
4594,SE
4595,US
4596,CA
4597,CA
4598,SE
4599,GL
4600,NO
4601,GL
4602,RU
4603,SE
4604,GL
4605,GL
4606,NO
4607,CA
4608,GL
4609,CA
4610,SE
4611,SE
4612,SE
4613,CA
4614,GL
4615,NO
4616,RU
4617,SE
4618,GL
4619,CA
4620,SE
4621,GL
4622,CA
4623,GL
4624,GL
4625,CA
4626,SE
4627,SE
4628,NO
4629,SE
4630,CA
4631,GL
4632,NO
4633,SE
4634,SE
4635,NO
4636,CA
4637,NO
4638,GL
4639,CA
4640,SE
4641,SE
4642,SE
4643,SE
4644,GL
4645,SE
4646,NO
4647,US
4648,NO
4649,US
4650,GL
4651,NO
4652,FI
4653,RU
4654,CA
4655,GL
4656,NO
4657,NO
4658,CA
4659,NO
4660,GL
4661,CA
4662,CA
4663,CA
4664,CA
4665,NO
4666,NO
4667,NO
4668,RU
4669,CA
4670,GL
4671,CA
4672,CA
4673,RU
4674,CA
4675,CA
4676,CA
4677,CA
4678,GL
4679,RU
4680,NO
4681,CA
4682,RU
4683,RU
4684,CA
4685,GL
4686,RU
4687,CA
4688,RU
4689,GL
4690,NO
4691,GL
4692,GL
4693,CA
4694,CA
4695,RU
4696,RU
4697,GL
4698,NO
4699,CA
4700,GL
4701,NO
4702,GL
4703,GL
4704,RU
4705,NO
4706,CA
4707,RU
4708,CA
4709,CA
4710,CA
4711,GL
4712,GL
4713,GL
4714,CA
4715,GL
4716,GL
4717,NO
4718,SJ
4719,RU
4720,GL
4721,RU
4722,GL
4723,CA
4724,GL
4725,RU
4726,RU
4727,RU
4728,RU
4729,RU
4730,GL
4731,CA
4732,RU
4733,GL
4734,RU
4735,CA
4736,GL
4737,GL
4738,GL
4739,GL
4740,GL
4741,GL
4742,GL
4743,GL
4744,CA
4745,GL
4746,CA
4747,GL
4748,GL
4749,CA
4750,RU
4751,RU
4752,RU
4753,CA
4754,CA
4755,GL
4756,GL
4757,GL
4758,GL
4759,RU
4760,RU
4761,GL
4762,RU
4763,RU
4764,RU
4765,RU
4766,RU
4767,CA
4768,GL
4769,CA
4770,CA
4771,RU
4772,CA
4773,RU
4774,RU
4775,RU
4776,GL
4777,GL
4778,RU
4779,RU
4780,GL
4781,GL
4782,NO
4783,GL
4784,GL
4785,NO
4786,NO
4787,US
4788,NO
4789,GL
4790,CA
4791,CA
4792,CA
4793,RU
4794,RU
4795,RU
4796,US
4797,RU
4798,CA
4799,GL
4800,CA
4801,GL
4802,GL
4803,GL
4804,GL
4805,GL
4806,RU
4807,RU
4808,GL
4809,CA
4810,RU
4811,RU
4812,RU
4813,RU
4814,RU
4815,CA
4816,RU
4817,RU
4818,RU
4819,RU
4820,RU
4821,GL
4822,RU
4823,SJ
4824,RU
4825,RU
4826,GL
4827,CA
4828,RU
4829,RU
4830,RU
4831,RU
4832,RU
4833,GL
4834,RU
4835,CA
4836,GL
4837,CA
4838,CA
4839,CA
4840,CA
4841,CA
4842,RU
4843,GL
4844,GL
4845,RU
4846,GL
4847,GL
4848,GL
4849,GL
4850,RU
4851,GL
4852,GL
4853,CA
4854,GL
4855,GL
4856,CA
4857,CA
4858,SJ
4859,GL
4860,CA
4861,GL
4862,SJ
4863,SJ
4864,SJ
4865,CA
4866,GL
4867,GL
4868,RU
4869,GL
4870,GL
4871,RU
4872,RU
4873,CA
4874,CA
4875,GL
4876,CA
4877,GL
4878,CA
4879,RU
4880,CA
4881,CA
4882,GL
4883,CA
4884,CA
4885,RU
4886,RU
4887,GL
4888,RU
4889,CA
4890,RU
4891,GL
4892,RU
4893,CA
4894,CA
4895,CA
4896,RU
4897,CA
4898,CA
4899,GL
4900,RU
4901,CA
4902,GL
4903,GL
4904,GL
4905,GL
4906,GL
4907,CA
4908,GL
4909,GL
4910,GL
4911,CA
4912,GL
4913,RU
4914,GL
4915,GL
4916,GL
4917,GL
4918,RU
4919,GL
4920,CA
4921,GL
4922,GL
4923,RU
4924,CA
4925,CA
4926,SJ
4927,GL
4928,CA
4929,RU
4930,SJ
4931,RU
4932,RU
4933,SJ
4934,RU
4935,GL
4936,RU
4937,RU
4938,RU
4939,RU
4940,RU
4941,CA
4942,SJ
4943,SJ
4944,RU
4945,RU
4946,SJ
4947,SJ
4948,RU
4949,RU
4950,RU
4951,RU
4952,CA
4953,RU
4954,RU
4955,GL
4956,RU
4957,RU
4958,RU
4959,RU
4960,RU
4961,GL
4962,CA
4963,GL
4964,RU
4965,CA
4966,RU
4967,GL
4968,RU
4969,GL
4970,GL
4971,CA
4972,GL
4973,CA
4974,CA
4975,RU
4976,CA
4977,RU
4978,RU
4979,GL
4980,RU
4981,GL
4982,CA
4983,RU
4984,CA
4985,RU
4986,RU
4987,GL
4988,RU
4989,GL
4990,GL
4991,GL
4992,CA
4993,CA
4994,CA
4995,GL
4996,GL
4997,CA
4998,RU
4999,GL
5000,GL
5001,GL
5002,GL
5003,GL
5004,RU
5005,RU
5006,GL
5007,GL
5008,RU
5009,RU
5010,RU
5011,RU
5012,GL
5013,SJ
5014,RU
5015,SJ
5016,RU
5017,CA
5018,CA
5019,GL
5020,RU
5021,CA
5022,RU
5023,RU
5024,RU
5025,CA
5026,CA
5027,CA
5028,GL
5029,CA
5030,CA
5031,CA
5032,RU
5033,RU
5034,CA
5035,RU
5036,CA
5037,RU
5038,GL
5039,CA
5040,RU
5041,RU
5042,CA
5043,CA
5044,CA
5045,CA
5046,CA
5047,RU
5048,GL
5049,GL
5050,CA
5051,GL
5052,RU
5053,RU
5054,CA
5055,RU
5056,RU
5057,CA
5058,RU
5059,CA
5060,RU
5061,CA
5062,GL
5063,SJ
5064,RU
5065,RU
5066,RU
5067,RU
5068,RU
5069,RU
5070,CA
5071,SJ
5072,SJ
5073,RU
5074,RU
5075,RU
5076,RU
5077,RU
5078,SJ
5079,SJ
5080,GL
5081,SJ
5082,RU
5083,CA
5084,RU
5085,RU
5086,RU
5087,RU
5088,RU
5089,SJ
5090,GL
5091,GL
5092,SJ
5093,SJ
5094,SJ
5095,RU
5096,RU
5097,RU
5098,RU
5099,RU
5100,GL
5101,RU
5102,GL
5103,RU
5104,RU
5105,GL
5106,CA
5107,RU
5108,RU
5109,GL
5110,GL
5111,RU
5112,GL
5113,CA
5114,CA
5115,GL
5116,RU
5117,RU
5118,GL
5119,GL
5120,CA
5121,RU
5122,GL
5123,RU
5124,CA
5125,CA
5126,CA
5127,RU
5128,CA
5129,GL
5130,GL
5131,GL
5132,RU
5133,RU
5134,RU
5135,RU
5136,RU
5137,CA
5138,RU
5139,RU
5140,RU
5141,RU
5142,RU
5143,GL
5144,RU
5145,RU
5146,GL
5147,RU
5148,GL
5149,RU
5150,CA
5151,CA
5152,GL
5153,RU
5154,GL
5155,GL
5156,RU
5157,RU
5158,CA
5159,CA
5160,GL
5161,GL
5162,RU
5163,RU
5164,CA
5165,RU
5166,CA
5167,CA
5168,GL
5169,RU
5170,RU
5171,RU
5172,RU
5173,GL
5174,CA
5175,CA
5176,GL
5177,RU
5178,GL
5179,RU
5180,RU
5181,GL
5182,GL
5183,RU
5184,GL
5185,GL
5186,SJ
5187,RU
5188,RU
5189,RU
5190,RU
5191,CA
5192,GL
5193,GL
5194,SJ
5195,CA
5196,GL
5197,RU
5198,CA
5199,GL
5200,RU
5201,RU
5202,GL
5203,RU
5204,RU
5205,RU
5206,CA
5207,RU
5208,RU
5209,RU
5210,GL
5211,CA
5212,RU
5213,RU
5214,CA
5215,RU
5216,CA
5217,GL
5218,RU
5219,CA
5220,CA
5221,RU
5222,CA
5223,RU
5224,RU
5225,GL
5226,GL
5227,GL
5228,RU
5229,SJ
5230,GL
5231,GL
5232,RU
5233,RU
5234,RU
5235,RU
5236,RU
5237,RU
5238,CA
5239,GL
5240,RU
5241,RU
5242,RU
5243,RU
5244,RU
5245,RU
5246,RU
5247,RU
5248,RU
5249,RU
5250,RU
5251,RU
5252,CA
5253,RU
5254,RU
5255,RU
5256,CA
5257,RU
5258,RU
5259,GL
5260,RU
5261,GL
5262,RU
5263,CA
5264,CA
5265,CA
5266,CA
5267,CA
5268,CA
5269,CA
5270,CA
5271,CA
5272,CA
5273,CA
5274,CA
5275,CA
5276,RU
5277,GL
5278,GL
5279,RU
5280,GL
5281,RU
5282,CA
5283,CA
5284,RU
5285,RU
5286,CA
5287,RU
5288,RU
5289,RU
5290,RU
5291,CA
5292,RU
5293,CA
5294,RU
5295,RU
5296,RU
5297,CA
5298,RU
5299,RU
5300,CA
5301,FI
5302,CA
5303,CA
5304,RU
5305,CA
5306,GL
5307,CA
5308,GL
5309,CA
5310,GL
5311,GL
5312,CA
5313,CA
5314,CA
5315,CA
5316,NO
5317,CA
5318,GL
5319,CA
5320,CA
5321,CA
5322,CA
5323,CA
5324,CA
5325,CA
5326,GL
5327,GL
5328,GL
5329,RU
5330,GL
5331,RU
5332,CA
5333,CA
5334,RU
5335,CA
5336,CA
5337,CA
5338,RU
5339,RU
5340,CA
5341,CA
5342,RU
5343,CA
5344,NO
5345,CA
5346,GL
5347,RU
5348,GL
5349,NO
5350,CA
5351,NO
5352,RU
5353,CA
5354,CA
5355,RU
5356,NO
5357,CA
5358,RU
5359,RU
5360,NO
5361,CA
5362,RU
5363,CA
5364,NO
5365,CA
5366,GL
5367,FI
5368,RU
5369,NO
5370,FI
5371,CA
5372,NO
5373,RU
5374,CA
5375,NO
5376,RU
5377,CA
5378,RU
5379,CA
5380,CA
5381,CA
5382,CA
5383,GL
5384,CA
5385,CA
5386,CA
5387,CA
5388,RU
5389,RU
5390,CA
5391,CA
5392,CA
5393,CA
5394,CA
5395,CA
5396,CA
5397,CA
5398,RU
5399,CA
5400,CA
5401,CA
5402,RU
5403,RU
5404,CA
5405,CA
5406,CA
5407,CA
5408,CA
5409,CA
5410,CA
5411,GL
5412,CA
5413,NO
5414,CA
5415,CA
5416,RU
5417,CA
5418,CA
5419,CA
5420,CA
5421,CA
5422,CA
5423,CA
5424,CA
5425,CA
5426,RU
5427,CA
5428,CA
5429,CA
5430,CA
5431,NO
5432,CA
5433,CA
5434,CA
5435,CA
5436,CA
5437,RU
5438,CA
5439,CA
5440,RU
5441,CA
5442,RU
5443,CA
5444,CA
5445,CA
5446,RU
5447,RU
5448,CA
5449,RU
5450,CA
5451,CA
5452,RU
5453,RU
5454,RU
5455,RU
5456,RU
5457,RU
5458,RU
5459,SJ
5460,GL
5461,GL
5462,RU
5463,GL
5464,GL
5465,RU
5466,GL
5467,GL
5468,RU
5469,CA
5470,CA
5471,GL
5472,RU
5473,CA
5474,NO
5475,RU
5476,CA
5477,CA
5478,CA
5479,CA
5480,CA
5481,CA
5482,CA
5483,NO
5484,RU
5485,CA
5486,NO
5487,CA
5488,GL
5489,NO
5490,CA
5491,NO
5492,FI
5493,CA
5494,RU
5495,NO
5496,US
5497,NO
5498,CA
5499,CA
5500,CA
5501,NO
5502,NO
5503,NO
5504,NO
5505,CA
5506,NO
5507,FI
5508,NO
5509,CA
5510,CA
5511,NO
5512,NO
5513,CA
5514,CA
5515,CA
5516,NO
5517,CA
5518,CA
5519,NO
5520,US
5521,RU
5522,GL
5523,GL
5524,RU
5525,GL
5526,GL
5527,GL
5528,GL
5529,GL
5530,GL
5531,GL
5532,GL
5533,GL
5534,GL
5535,GL
5536,CA
5537,DE
5538,DE
5539,FI
5540,JP
5541,JP
5542,CU
5543,MY
5544,MY
5545,AQ
5546,AU
5547,AU
5548,CA
5549,CA
5550,CA
5551,CA
294,CL
434,ZA
441,ZA
445,SZ
447,ZA
448,BR
456,ZA
472,CL
476,ZA
480,PY
482,ZA
483,ZW
488,BO
603,PY
624,PY
657,ZW
658,ZM
660,NA
685,UY
686,UY
719,BR
724,ZM
725,TZ
751,PE
753,ZM
769,TZ
791,TL
799,TL
838,PE
839,CL
841,ZM
863,NA
909,ZW
910,ZW
944,ZM
996,MZ
997,MZ
1009,MZ
1014,CD
1066,CD
1079,TZ
1081,CG
1111,ZM
1112,ZM
1164,PE
1221,CD
1229,PG
1293,CG
1294,UG
1297,CG
1302,SO
1305,FR
1309,MY
1311,UG
1312,UG
1316,MY
1324,EC
1343,CO
1346,GA
1347,GQ
1353,CM
1356,GA
1359,GQ
1365,SR
1375,VE
1376,GY
1381,KE
1382,SS
1383,XG
1384,SS
1392,MY
1396,MY
1399,XG
1400,SS
1404,TZ
1409,RW
1452,RW
1477,UG
1478,TZ
1479,TZ
1480,UG
1499,PE
1500,PE
1501,CG
1502,UG
1503,SO
1521,PE
1528,PE
1596,SO
1599,SL
1602,VE
1604,LR
1605,SS
1606,PA
1624,GH
1625,SS
1631,PA
1634,XU
1648,SL
1664,GY
1667,CF
1677,SR
1686,SR
1719,TH
1723,XU
1724,GN
1734,CI
1735,SS
1749,ML
1760,SD
1765,TG
1767,SO
1768,TD
1783,TG
1784,TG
1786,GH
1792,NI
1807,TH
1842,CM
1844,LR
1861,SN
1887,YE
1893,MX
1894,GT
1896,SD
1899,SX
1911,SD
1915,SV
1916,SV
1917,TH
1920,LA
1921,VN
1923,SN
1927,ET
1930,NE
1932,NI
1936,ML
1953,HN
1968,SN
2005,MX
2032,SO
2047,NG
2057,VE
2068,BJ
2095,NE
2096,SS
2110,NE
2114,ET
2116,ML
2131,GW
2132,SN
2133,SN
2136,ER
2153,NG
2154,TD
2164,NE
2177,TD
2180,SN
2185,NG
2191,MO
2193,SD
2199,VN
2206,LA
2211,HK
2222,SA
2233,TD
2239,XF
2252,VN
2254,TD
2258,NE
2259,NE
2264,PK
2267,PS
2269,YE
2270,YE
2272,NE
2278,TD
2281,HT
2296,TH
2298,TH
2309,TD
2310,SD
2353,SA
2363,PK
2366,PK
2408,SA
2419,OM
2420,MR
2421,ML
2429,MM
2458,MM
2462,SD
2464,XV
2465,XV
2466,XF
2477,IN
2478,PS
2482,JO
2483,XH
2484,US
2499,TN
2501,XH
2502,XH
2503,XE
2518,PK
2533,KW
2535,NP
2538,LY
2545,NP
2551,IN
2557,XE
2558,XE
2560,IN
2562,IL
2563,XE
2564,PS
2565,XE
2567,JO
2569,PS
2570,LY
2572,TN
2573,PS
2574,PS
2575,SA
2577,PK
2579,IN
2582,SA
2583,SA
2584,XE
2585,XE
2595,SY
2596,LB
2599,SY
2600,JO
2601,XH
2655,IN
2664,OM
2698,OM
2720,IN
2757,IN
2758,MR
2759,MR
2765,EH
2767,MA
2770,MM
2771,XD
2786,CN
2787,IN
2790,XD
2792,CN
2793,XD
2799,MM
2808,SA
2821,XD
2828,TM
2865,TM
2874,TJ
2889,KR
2894,IT
2895,SI
2896,SI
2899,IT
2903,CH
2904,IT
2907,SY
2926,MA
2933,MA
2939,XH
2942,IR
2952,MA
2956,XC
2965,GI
2995,IR
3013,AZ
3019,IR
3021,TJ
3027,IR
3028,IR
3029,TR
3031,AZ
3032,TR
3035,AZ
3038,TJ
3041,UZ
3044,AZ
3046,UZ
3048,TJ
3059,AZ
3062,AZ
3065,EL
3073,PK
3074,XH
3079,TN
3082,XH
3086,XH
3088,SY
3091,IR
3099,CN
3101,TR
3102,TR
3107,TR
3109,UZ
3123,UZ
3134,RS
3135,IT
3144,RS
3146,RS
3147,RS
3156,HU
3158,SI
3159,SI
3163,UZ
3165,UZ
3167,AZ
3169,TR
3176,GE
3177,AZ
3179,MK
3180,TR
3187,TR
3188,TR
3189,EL
3192,MK
3194,GE
3195,RU
3196,VA
3198,PT
3202,RU
3203,TR
3204,TR
3207,PT
3209,KG
3211,UZ
3212,MK
3214,TM
3216,RS
3218,UZ
3220,RU
3223,UZ
3224,UZ
3225,KP
3226,RU
3227,FR
3228,FR
3229,FR
3230,ME
3231,ME
3232,RS
3233,FR
3234,ES
3236,ME
3237,FR
3240,UZ
3428,LI
3429,LI
3441,CH
3443,FR
3449,DE
3450,RO
3452,DE
3454,RO
3455,HU
3459,UA
3460,RO
3462,UA
3463,UA
3467,SK
3468,SK
3470,SK
3479,DE
3511,UA
3512,RU
3516,UA
3517,UA
3558,CZ
3562,US
3565,CZ
3569,UA
3571,KZ
3573,RU
3574,MN
3578,US
3580,US
3584,SK
3586,FR
3589,SK
3591,LU
3594,SK
3650,RU
3669,LT
3708,LV
3709,RU
3733,RU
3744,NL
3762,RU
3771,PL
3789,PL
3792,PL
3813,PL
3816,RU
3843,DK
3849,DK
3870,UK
3874,RU
3900,RU
3915,RU
4041,LV
4042,LV
5301,SE
5367,RU
5369,SE
5370,SE
5420,US
5474,RU
5492,NO
5507,NO
3244,KZ
3246,HR
3249,KP
3251,RS
3260,KZ
3261,FR
3269,ME
3270,RS
3272,RU
3283,MC
3289,SM
3290,SM
3296,RO
3302,RS
3303,RO
3328,RS
3329,KZ
3338,HR
3341,HR
3346,UA
3350,SI
3352,MN
3356,LU
3357,LU
3367,DE
3370,FR
3381,PL
3382,DE
3383,DE
3385,FR
3388,NL
3393,NL
3394,NL
3395,NL
3396,NL
3397,UA
3414,LV
3415,LV
3427,LI
1011,ID
1012,ID
1013,ID
1014,AO
1015,ID
1016,TZ
1017,ID
1018,ID
1019,CD
1020,ID
1021,ID
1022,ID
1023,TZ
1024,ID
1025,ID
1026,ID
1027,ID
1028,KI
1029,ID
1030,ID
1031,ID
1032,ID
1033,ID
1034,ID
1035,ID
1036,PG
1037,ID
1038,SB
1039,ID
1040,PG
1041,ID
1042,ID
1043,TZ
1044,PG
1045,ID
1046,ID
1047,ID
1048,ID
1049,ID
1050,ID
1051,ID
1052,PG
1053,ID
1054,PG
1055,ID
1056,PG
1057,ID
1058,PG
1059,AO
1060,TZ
1061,PG
1062,PG
1063,ID
1064,PG
1065,ID
1066,AO
1067,TZ
1068,PG
1069,PG
1070,KI
1071,ID
1072,SC
1073,PG
1074,ID
1075,ID
1076,PG
1077,SC
1078,ID
1079,CD
1080,KI
1081,AO
1082,ID
1083,SC
1084,SC
1085,PG
1086,PG
1087,ID
1088,PW
1089,ID
1090,ID
1091,ID
1092,ID
1093,PG
1094,PG
1095,PG
1096,ID
1097,ID
1098,TL
1099,PG
1100,SB
1101,PG
1102,PG
1103,ID
1104,SB
1105,SB
1106,SB
1107,SB
1108,ID
1109,ID
1110,ID
1111,CD
1112,TZ
1113,ID
1114,ID
1115,ID
1116,ID
1117,ID
1118,TL
1119,ID
1120,ID
1121,ID
1122,ID
1123,ID
1124,ID
1125,ID
1126,ID
1127,SB
1128,ID
1129,ID
1130,TZ
1131,PF
1132,SB
1133,SH
1134,SB
1135,ID
1136,SB
1137,ID
1138,SB
1139,ID
1140,ID
1141,PG
1142,TZ
1143,ID
1144,ID
1145,SB
1146,ID
1147,ID
1148,SB
1149,ID
1150,ID
1151,SB
1152,ID
1153,SB
1154,PG
1155,SB
1156,SB
1157,ID
1158,ID
1159,ID
1160,ID
1161,ID
1162,ID
1163,IO
1164,BR
1165,ID
1166,ID
1167,PG
1168,ID
1169,PG
1170,PG
1171,PG
1172,CG
1173,ID
1174,KI
1175,ID
1176,ID
1177,ID
1178,ID
1179,ID
1180,BR
1181,ID
1182,PG
1183,ID
1184,PG
1185,ID
1186,ID
1187,ID
1188,ID
1189,ID
1190,PG
1191,PE
1192,ID
1193,ID
1194,ID
1195,ID
1196,PG
1197,PG
1198,ID
1199,ID
1200,PG
1201,ID
1202,PG
1203,ID
1204,ID
1205,ID
1206,ID
1207,ID
1208,ID
1209,PG
1210,ID
1211,ID
1212,PG
1213,ID
1214,PG
1215,ID
1216,ID
1217,ID
1218,ID
1219,ID
1220,PG
1221,BI
1222,BR
1223,PG
1224,ID
1225,ID
1226,EC
1227,PG
1228,ID
1229,ID
1230,PG
1231,PG
1232,PG
1233,PG
1234,PG
1235,ID
1236,PG
1237,PG
1238,ID
1239,ID
1240,ID
1241,ID
1242,ID
1243,TV
1244,ID
1245,ID
1246,ID
1247,ID
1248,ID
1249,ID
1250,ID
1251,ID
1252,ID
1253,ID
1254,ID
1255,ID
1256,ID
1257,ID
1258,ID
1259,ID
1260,SB
1261,ID
1262,ID
1263,ID
1264,ID
1265,ID
1266,ID
1267,SB
1268,ID
1269,ID
1270,SB
1271,ID
1272,ID
1273,ID
1274,SB
1275,ID
1276,ID
1277,PE
1278,ID
1279,ID
1280,ID
1281,ID
1282,ID
1283,TV
1284,ID
1285,ID
1286,AO
1287,ID
1288,ID
1289,ID
1290,AO
1291,ID
1292,ID
1293,CD
1294,CD
1295,ID
1296,ID
1297,CF
1298,ID
1299,GQ
1300,ID
1301,ID
1302,KE
1303,CO
1304,ID
1305,BR
1306,ID
1307,ID
1308,ID
1309,ID
1310,ID
1311,SS
1312,KE
1313,MY
1314,ID
1315,MY
1316,ID
1317,GA
1318,ID
1319,FM
1320,ID
1321,ID
1322,ID
1323,ID
1324,CO
1325,KI
1326,EC
1327,SG
1328,SG
1329,ID
1330,ID
1331,ID
1332,ST
1333,ID
1334,ID
1335,ID
1336,ID
1337,ID
1338,KI
1339,MV
1340,KI
1341,ID
1342,ID
1343,BR
1344,ID
1345,ID
1346,CG
1347,GA
1348,ID
1349,ID
1350,BR
1351,ID
1352,ID
1353,CG
1354,ID
1355,ID
1356,CM
1357,MY
1358,GQ
1359,CM
1360,ID
1361,ID
1362,MY
1363,ID
1364,MY
1365,BR
1366,ID
1367,MY
1368,ID
1369,ID
1370,ID
1371,MY
1372,ID
1373,CO
1374,ID
1375,BR
1376,BR
1377,BR
1378,NG
1379,ID
1380,MY
1381,ET
1382,KE
1383,KE
1384,KE
1385,KI
1386,ID
1387,ID
1388,PH
1389,ID
1390,CM
1391,PH
1392,BN
1393,MY
1394,PH
1395,BN
1396,BN
1397,PH
1398,PH
1399,SS
1400,CD
1401,BN
1402,PH
1403,PH
1404,BI
1405,PG
1406,PG
1407,BR
1408,ID
1409,BI
1410,PG
1411,ID
1412,KE
1413,ID
1414,PG
1415,ID
1416,ID
1417,ID
1418,PG
1419,ID
1420,PG
1421,ID
1422,ID
1423,ID
1424,ID
1425,ID
1426,ID
1427,ID
1428,ID
1429,ID
1430,ID
1431,ID
1432,ID
1433,ID
1434,ID
1435,ID
1436,PG
1437,ID
1438,ID
1439,ID
1440,KE
1441,ID
1442,ID
1443,PG
1444,ID
1445,ID
1446,ID
1447,ID
1448,ID
1449,ID
1450,BR
1451,GQ
1452,CD
1453,ID
1454,EC
1455,ID
1456,KI
1457,PG
1458,ID
1459,KI
1460,BR
1461,ID
1462,EC
1463,PG
1464,ID
1465,BR
1466,ID
1467,ID
1468,ID
1469,ID
1470,ID
1471,ID
1472,ID
1473,BR
1474,BR
1475,KI
1476,ID
1477,RW
1478,RW
1479,KE
1480,TZ
1481,ID
1482,ID
1483,ID
1484,ID
1485,BR
1486,KI
1487,EC
1488,KI
1489,ID
1490,EC
1491,ID
1492,ID
1493,ID
1494,EC
1495,NR
1496,ID
1497,EC
1498,ID
1499,EC
1500,CO
1501,CD
1502,CD
1503,KE
1504,ID
1505,ID
1506,ID
1507,ID
1508,ID
1509,ID
1510,ID
1511,EC
1512,ID
1513,ID
1514,ID
1515,ID
1516,ID
1517,ID
1518,EC
1519,ID
1520,ID
1521,EC
1522,ID
1523,ID
1524,ID
1525,ID
1526,ID
1527,BR
1528,CO
1529,ID
1530,ID
1531,ID
1532,ID
1533,ID
1534,ID
1535,ID
1536,BR
1537,EC
1538,ID
1539,ID
1540,ID
1541,ID
1542,ID
1543,BR
1544,ID
1545,ID
1546,ID
1547,KI
1548,ID
1549,ID
1550,BR
1551,BR
1552,EC
1553,EC
1554,ID
1555,ST
1556,ID
1557,ID
1558,MV
1559,ID
1560,ID
1561,ID
1562,EC
1563,ID
1564,ID
1565,BR
1566,ID
1567,ID
1568,ID
1569,ID
1570,ID
1571,ID
1572,ID
1573,ID
1574,KI
1575,ID
1576,ID
1577,ID
1578,ID
1579,ID
1580,GQ
1581,ID
1582,ID
1583,ID
1584,ID
1585,KI
1586,ID
1587,PH
1588,IN
1589,PA
1590,PH
1591,IN
1592,IN
1593,PA
1594,PH
1595,IN
1596,ET
1597,PA
1598,PA
1599,LR
1600,IN
1601,PA
1602,GY
1603,GY
1604,GN
1605,CF
1606,CO
1607,VN
1608,PA
1609,PA
1610,SL
1611,LK
1612,VE
1613,PA
1614,PA
1615,IN
1616,PH
1617,PH
1618,PA
1619,IN
1620,VN
1621,PA
1622,PA
1623,TH
1624,CI
1625,ET
1626,MH
1627,LK
1628,TH
1629,TH
1630,FM
1631,CR
1632,LK
1633,PA
1634,SS
1635,LK
1636,PH
1637,TH
1638,TH
1639,PH
1640,PH
1641,LK
1642,VN
1643,MM
1644,TH
1645,FM
1646,PH
1647,MM
1648,GN
1649,MM
1650,VE
1651,PH
1652,TH
1653,GN
1654,CR
1655,YE
1656,HN
1657,FR
1658,HN
1659,ER
1660,SA
1661,CV
1662,CI
1663,PH
1664,BR
1665,PH
1666,FM
1667,CD
1668,MY
1669,PH
1670,PH
1671,FR
1672,PH
1673,MY
1674,MV
1675,CR
1676,PH
1677,FR
1678,ID
1679,MH
1680,ID
1681,PH
1682,FR
1683,ID
1684,PH
1685,MY
1686,GY
1687,PH
1688,ID
1689,PH
1690,MY
1691,PH
1692,SR
1693,PH
1694,MY
1695,PH
1696,MH
1697,PH
1698,GH
1699,PH
1700,PH
1701,PH
1702,PH
1703,PH
1704,UM
1705,TG
1706,MY
1707,UM
1708,MY
1709,PH
1710,UM
1711,PH
1712,PH
1713,BJ
1714,PH
1715,MY
1716,NG
1717,PH
1718,MY
1719,MY
1720,TH
1721,TH
1722,MM
1723,SD
1724,CI
1725,CO
1726,MM
1727,PH
1728,VE
1729,CP
1730,CO
1731,MM
1732,TH
1733,VN
1734,BF
1735,SD
1736,VN
1737,PH
1738,KH
1739,MM
1740,PH
1741,PH
1742,SO
1743,MM
1744,MM
1745,PH
1746,PH
1747,KH
1748,PH
1749,CI
1750,PH
1751,KH
1752,PH
1753,VE
1754,PH
1755,VE
1756,TT
1757,MM
1758,PH
1759,IN
1760,CF
1761,MM
1762,CR
1763,MM
1764,VE
1765,BJ
1766,PH
1767,ET
1768,CF
1769,GN
1770,PH
1771,PH
1772,GW
1773,MM
1774,MM
1775,GW
1776,PH
1777,MM
1778,GN
1779,CR
1780,XB
1781,VE
1782,GW
1783,GH
1784,BF
1785,PH
1786,BF
1787,VE
1788,PH
1789,GW
1790,GW
1791,GW
1792,CR
1793,GW
1794,PH
1795,PH
1796,MH
1797,PH
1798,MM
1799,PH
1800,GW
1801,PH
1802,GW
1803,GW
1804,GW
1805,UM
1806,PH
1807,MY
1808,TH
1809,PH
1810,MY
1811,PH
1812,MV
1813,LR
1814,PW
1815,PH
1816,MV
1817,MY
1818,MY
1819,FM
1820,PH
1821,PW
1822,PH
1823,MY
1824,TH
1825,PW
1826,CO
1827,IN
1828,MY
1829,TH
1830,PW
1831,PA
1832,MY
1833,PW
1834,MY
1835,MY
1836,PH
1837,FM
1838,TH
1839,FM
1840,IN
1841,FM
1842,CF
1843,PA
1844,CI
1845,PA
1846,PA
1847,PW
1848,SL
1849,PA
1850,PW
1851,PA
1852,TH
1853,TH
1854,IN
1855,PH
1856,PA
1857,TH
1858,YE
1859,SA
1860,CV
1861,MR
1862,XA
1863,MP
1864,SA
1865,IN
1866,CV
1867,SA
1868,MS
1869,CV
1870,XA
1871,SA
1872,SA
1873,CV
1874,SA
1875,SA
1876,SA
1877,AG
1878,CV
1879,KN
1880,KN
1881,BZ
1882,KN
1883,BZ
1884,OM
1885,BQ
1886,OM
1887,SA
1888,DO
1889,MP
1890,BQ
1891,AG
1892,VI
1893,GT
1894,BZ
1895,BL
1896,ER
1897,ER
1898,BZ
1899,FR
1900,SX
1901,MP
1902,HT
1903,FR
1904,PR
1905,PH
1906,LC
1907,MM
1908,MP
1909,MM
1910,PH
1911,ET
1912,PH
1913,PH
1914,NI
1915,GT
1916,HN
1917,KH
1918,GT
1919,YE
1920,KH
1921,KH
1922,PH
1923,ML
1924,FR
1925,PH
1926,FR
1927,ER
1928,PH
1929,CV
1930,BF
1931,NI
1932,HN
1933,CV
1934,PH
1935,ER
1936,BF
1937,YE
1938,MP
1939,XM
1940,ER
1941,YE
1942,XM
1943,ER
1944,MP
1945,CV
1946,CV
1947,VN
1948,YE
1949,ER
1950,YE
1951,DM
1952,SC
1953,GT
1954,YE
1955,YE
1956,YE
1957,MM
1958,ER
1959,FR
1960,ER
1961,GT
1962,ER
1963,VN
1964,HN
1965,FR
1966,ER
1967,SN
1968,MR
1969,ER
1970,ER
1971,PH
1972,HN
1973,MX
1974,ER
1975,ER
1976,SN
1977,CV
1978,YE
1979,ER
1980,YE
1981,YE
1982,FR
1983,ER
1984,MP
1985,MR
1986,VG
1987,SD
1988,MP
1989,MM
1990,MX
1991,PH
1992,MM
1993,PR
1994,MP
1995,BZ
1996,DO
1997,AI
1998,PR
1999,VI
2000,MX
2001,VI
2002,XL
2003,VG
2004,VG
2005,BZ
2006,BZ
2007,VG
2008,VG
2009,PR
2010,JM
2011,PH
2012,HT
2013,SA
2014,PH
2015,HT
2016,MM
2017,MX
2018,MX
2019,PH
2020,GW
2021,PH
2022,MM
2023,TT
2024,GW
2025,PH
2026,PH
2027,PH
2028,GW
2029,PH
2030,MM
2031,GW
2032,DJ
2033,SO
2034,FM
2035,PH
2036,GW
2037,IN
2038,PH
2039,PH
2040,MH
2041,VE
2042,IN
2043,GW
2044,GW
2045,GW
2046,KH
2047,BJ
2048,PH
2049,TH
2050,PH
2051,MM
2052,MM
2053,VE
2054,MM
2055,PH
2056,VE
2057,CO
2058,PH
2059,TH
2060,IN
2061,MM
2062,PH
2063,VE
2064,MM
2065,PH
2066,GW
2067,VE
2068,BF
2069,MM
2070,PH
2071,PH
2072,PH
2073,GW
2074,PH
2075,SO
2076,NI
2077,PH
2078,MM
2079,PH
2080,PH
2081,PH
2082,IN
2083,MM
2084,PH
2085,PH
2086,PH
2087,TH
2088,MM
2089,VE
2090,YE
2091,PH
2092,NI
2093,IN
2094,MM
2095,BF
2096,SD
2097,GD
2098,YE
2099,PH
2100,IN
2101,GW
2102,MM
2103,IN
2104,IN
2105,BQ
2106,PH
2107,GW
2108,PH
2109,CW
2110,BJ
2111,MM
2112,CO
2113,PH
2114,DJ
2115,PH
2116,GN
2117,PH
2118,VC
2119,PH
2120,MM
2121,CO
2122,MM
2123,AW
2124,PH
2125,PH
2126,VC
2127,NI
2128,PH
2129,MM
2130,YE
2131,GN
2132,GN
2133,GW
2134,PH
2135,PH
2136,DJ
2137,DJ
2138,YE
2139,VN
2140,TH
2141,MM
2142,PH
2143,MM
2144,PH
2145,PH
2146,PH
2147,ER
2148,IN
2149,IN
2150,VC
2151,NI
2152,SN
2153,CM
2154,CM
2155,PH
2156,MM
2157,SV
2158,PH
2159,SV
2160,HN
2161,BB
2162,CO
2163,VC
2164,BF
2165,HN
2166,IN
2167,TH
2168,PH
2169,IN
2170,PH
2171,PH
2172,GM
2173,GU
2174,PH
2175,PH
2176,IN
2177,NG
2178,SV
2179,YE
2180,GM
2181,PH
2182,PH
2183,YE
2184,MM
2185,NE
2186,PH
2187,PH
2188,YE
2189,HK
2190,CN
2191,CN
2192,MO
2193,EG
2194,US
2195,BS
2196,HK
2197,BD
2198,IN
2199,LA
2200,IN
2201,BD
2202,CN
2203,BS
2204,BS
2205,IN
2206,CN
2207,CU
2208,BS
2209,IN
2210,HK
2211,CN
2212,BD
2213,CU
2214,BD
2215,CU
2216,BS
2217,BS
2218,CU
2219,CU
2220,CU
2221,CN
2222,OM
2223,BD
2224,BS
2225,CU
2226,CU
2227,CU
2228,BS
2229,CN
2230,IN
2231,CU
2232,CU
2233,NE
2234,CU
2235,IN
2236,CU
2237,BS
2238,BS
2239,EG
2240,XF
2241,CU
2242,CU
2243,CU
2244,CU
2245,CU
2246,CU
2247,CN
2248,CU
2249,IN
2250,IN
2251,BS
2252,CN
2253,IN
2254,LY
2255,BS
2256,BS
2257,CN
2258,DZ
2259,LY
2260,CN
2261,CN
2262,BS
2263,IN
2264,IN
2265,BM
2266,JP
2267,JO
2268,HT
2269,SA
2270,OM
2271,PH
2272,ML
2273,PH
2274,UM
2275,KY
2276,PH
2277,KY
2278,SD
2279,MM
2280,PH
2281,DO
2282,KY
2283,MP
2284,MR
2285,KY
2286,MM
2287,DO
2288,HT
2289,MM
2290,MM
2291,HT
2292,CN
2293,VN
2294,US
2295,PH
2296,LA
2297,IN
2298,MM
2299,PH
2300,MX
2301,MP
2302,US
2303,OM
2304,CN
2305,SD
2306,VN
2307,PH
2308,VN
2309,LY
2310,LY
2311,VN
2312,CU
2313,MX
2314,US
2315,CN
2316,CU
2317,US
2318,VN
2319,VN
2320,VN
2321,CN
2322,CU
2323,MR
2324,VN
2325,CU
2326,MM
2327,US
2328,BS
2329,MX
2330,VN
2331,CN
2332,MX
2333,CN
2334,BS
2335,CN
2336,BS
2337,BS
2338,BS
2339,IN
2340,EH
2341,IN
2342,CN
2343,IN
2344,IN
2345,IN
2346,IN
2347,IN
2348,IN
2349,JP
2350,BS
2351,BS
2352,AE
2353,AE
2354,BS
2355,JP
2356,AE
2357,AE
2358,IN
2359,PK
2360,IN
2361,IN
2362,BS
2363,IN
2364,BS
2365,BS
2366,IN
2367,AE
2368,PK
2369,JP
2370,JP
2371,MX
2372,AE
2373,AE
2374,BS
2375,PK
2376,MX
2377,BS
2378,AE
2379,JP
2380,PK
2381,CN
2382,JP
2383,PK
2384,JP
2385,CN
2386,MX
2387,MX
2388,AE
2389,CN
2390,AE
2391,BS
2392,US
2393,US
2394,PK
2395,MX
2396,SA
2397,JP
2398,MX
2399,AE
2400,US
2401,AE
2402,JP
2403,MX
2404,BS
2405,BS
2406,US
2407,US
2408,QA
2409,PK
2410,US
2411,BS
2412,JP
2413,JP
2414,JP
2415,US
2416,AE
2417,BS
2418,OM
2419,AE
2420,ML
2421,DZ
2422,TC
2423,TC
2424,VN
2425,MX
2426,BS
2427,MX
2428,MX
2429,LA
2430,CU
2431,MX
2432,IN
2433,CU
2434,CU
2435,CU
2436,CU
2437,CN
2438,CN
2439,MX
2440,CU
2441,TC
2442,US
2443,CN
2444,TC
2445,MX
2446,CN
2447,TC
2448,TC
2449,BD
2450,CN
2451,CN
2452,BD
2453,CU
2454,BD
2455,IN
2456,CN
2457,TC
2458,BD
2459,BD
2460,BD
2461,CN
2462,LY
2463,US
2464,EG
2465,SD
2466,SD
2467,SD
2468,CN
2469,CN
2470,BD
2471,BD
2472,CN
2473,CU
2474,MX
2475,CN
2476,JP
2477,CN
2478,IL
2479,MX
2480,JP
2481,JP
2482,IL
2483,CN
2484,MX
2485,JP
2486,JP
2487,JP
2488,PT
2489,JP
2490,JP
2491,JP
2492,US
2493,JP
2494,JP
2495,JP
2496,IL
2497,PT
2498,JP
2499,LY
2500,LY
2501,IN
2502,XE
2503,CN
2504,JP
2505,JP
2506,JP
2507,JP
2508,US
2509,IL
2510,JO
2511,MX
2512,US
2513,JP
2514,US
2515,CN
2516,CN
2517,US
2518,IR
2519,JP
2520,US
2521,CN
2522,EG
2523,CN
2524,CN
2525,MX
2526,KW
2527,JP
2528,IQ
2529,CN
2530,US
2531,PT
2532,CN
2533,IQ
2534,US
2535,IN
2536,CN
2537,CN
2538,DZ
2539,US
2540,CN
2541,CN
2542,US
2543,CN
2544,IR
2545,CN
2546,JP
2547,CN
2548,JP
2549,JP
2550,US
2551,CN
2552,CN
2553,JP
2554,JP
2555,JP
2556,JP
2557,IN
2558,CN
2559,US
2560,CN
2561,US
2562,EG
2563,IN
2564,EG
2565,CN
2566,CN
2567,IL
2568,PS
2569,IL
2570,EG
2571,EG
2572,LY
2573,IL
2574,JO
2575,JO
2576,JP
2577,AF
2578,JP
2579,CN
2580,US
2581,US
2582,JO
2583,IQ
2584,IN
2585,CN
2586,JP
2587,JP
2588,JP
2589,KR
2590,JP
2591,KR
2592,JP
2593,KR
2594,LB
2595,IL
2596,IL
2597,US
2598,JP
2599,JO
2600,IQ
2601,CN
2602,JP
2603,JP
2604,US
2605,JP
2606,KR
2607,KR
2608,JP
2609,JP
2610,JP
2611,JP
2612,TN
2613,JP
2614,JP
2615,JP
2616,KR
2617,JP
2618,JP
2619,US
2620,US
2621,US
2622,KR
2623,JP
2624,KR
2625,KR
2626,KR
2627,JP
2628,KR
2629,JP
2630,KR
2631,KR
2632,KR
2633,JP
2634,KR
2635,JP
2636,JP
2637,JP
2638,KR
2639,KR
2640,JP
2641,KR
2642,KR
2643,JP
2644,SA
2645,MX
2646,MX
2647,MX
2648,BS
2649,MX
2650,CN
2651,MX
2652,PK
2653,CN
2654,BS
2655,BD
2656,BS
2657,MX
2658,CN
2659,CN
2660,AE
2661,AE
2662,CN
2663,MX
2664,AE
2665,US
2666,US
2667,MX
2668,BS
2669,MX
2670,SA
2671,JP
2672,SA
2673,BS
2674,SA
2675,SA
2676,PK
2677,AE
2678,BH
2679,CN
2680,BH
2681,SA
2682,CN
2683,MX
2684,MX
2685,BH
2686,SA
2687,BS
2688,XN
2689,BS
2690,SA
2691,JP
2692,IR
2693,IR
2694,XN
2695,MX
2696,JP
2697,AE
2698,AE
2699,MX
2700,US
2701,QA
2702,MX
2703,BH
2704,CN
2705,JP
2706,BH
2707,BH
2708,IR
2709,MX
2710,IR
2711,BS
2712,OM
2713,OM
2714,JP
2715,JP
2716,US
2717,BS
2718,CN
2719,IR
2720,BD
2721,CN
2722,JP
2723,BS
2724,BS
2725,JP
2726,US
2727,CN
2728,IR
2729,IR
2730,JP
2731,US
2732,MX
2733,JP
2734,BS
2735,US
2736,BS
2737,IR
2738,BS
2739,JP
2740,IR
2741,BS
2742,US
2743,BS
2744,BS
2745,JP
2746,US
2747,CN
2748,IR
2749,JP
2750,BS
2751,JP
2752,IR
2753,JP
2754,SA
2755,MX
2756,EG
2757,BT
2758,EH
2759,DZ
2760,SA
2761,JP
2762,MX
2763,EG
2764,US
2765,DZ
2766,EH
2767,EH
2768,EG
2769,US
2770,IN
2771,BT
2772,EG
2773,SA
2774,ES
2775,CN
2776,JP
2777,CN
2778,IR
2779,SA
2780,CN
2781,CN
2782,SA
2783,JP
2784,JP
2785,JP
2786,BT
2787,CN
2788,JP
2789,ES
2790,MM
2791,ES
2792,BT
2793,IN
2794,US
2795,JP
2796,MX
2797,UM
2798,JP
2799,CN
2800,SA
2801,CN
2802,ES
2803,MX
2804,MX
2805,ES
2806,JP
2807,ES
2808,KW
2809,CN
2810,JP
2811,MX
2812,US
2813,US
2814,US
2815,MX
2816,IR
2817,ES
2818,US
2819,SA
2820,ES
2821,CN
2822,US
2823,US
2824,KW
2825,EL
2826,EL
2827,EL
2828,AF
2829,KR
2830,KR
2831,KR
2832,US
2833,EL
2834,EL
2835,EL
2836,EL
2837,EL
2838,KR
2839,EL
2840,KR
2841,EL
2842,KP
2843,EL
2844,EL
2845,EL
2846,KR
2847,KP
2848,KR
2849,PT
2850,EL
2851,IT
2852,CN
2853,IT
2854,KR
2855,CN
2856,EL
2857,CN
2858,US
2859,IT
2860,US
2861,EL
2862,IT
2863,US
2864,US
2865,IR
2866,IT
2867,JP
2868,JP
2869,EL
2870,IT
2871,IR
2872,TR
2873,EL
2874,AF
2875,EL
2876,JP
2877,EL
2878,IT
2879,TR
2880,EL
2881,KP
2882,PT
2883,IT
2884,EL
2885,IT
2886,IT
2887,EL
2888,EL
2889,KP
2890,KR
2891,PT
2892,RU
2893,PM
2894,CH
2895,AT
2896,HU
2897,PM
2898,FR
2899,AT
2900,CA
2901,FR
2902,CA
2903,AT
2904,AT
2905,KR
2906,KR
2907,LB
2908,KR
2909,KR
2910,TN
2911,JP
2912,JP
2913,JP
2914,KR
2915,KR
2916,KR
2917,KR
2918,JP
2919,JP
2920,TN
2921,KR
2922,EL
2923,KR
2924,KR
2925,KR
2926,DZ
2927,KR
2928,KR
2929,US
2930,KR
2931,MA
2932,US
2933,ES
2934,ES
2935,EL
2936,KR
2937,EL
2938,EL
2939,XC
2940,IT
2941,CY
2942,AF
2943,KR
2944,EL
2945,CN
2946,MA
2947,ES
2948,IT
2949,EL
2950,EL
2951,MA
2952,ES
2953,ES
2954,US
2955,SY
2956,CN
2957,MT
2958,CN
2959,JP
2960,US
2961,MT
2962,JP
2963,US
2964,GI
2965,ES
2966,EL
2967,EL
2968,US
2969,JP
2970,EL
2971,EL
2972,EL
2973,EL
2974,EL
2975,EL
2976,EL
2977,EL
2978,EL
2979,EL
2980,EL
2981,EL
2982,US
2983,EL
2984,EL
2985,EL
2986,ES
2987,IT
2988,PT
2989,ES
2990,PT
2991,IT
2993,EL
2994,TM
2995,AM
2996,EL
2997,CN
2998,CN
2999,TM
3000,PT
3001,EL
3002,ES
3003,ES
3004,IT
3005,EL
3006,CN
3007,EL
3008,EL
3009,CN
3010,EL
3011,CN
3012,CN
3013,AM
3014,EL
3015,TR
3016,KP
3017,EL
3018,EL
3019,AZ
3020,KP
3021,CN
3022,PT
3023,CN
3024,EL
3025,KP
3026,KP
3027,AZ
3028,AZ
3029,AZ
3030,PT
3031,AM
3032,IR
3033,TM
3034,EL
3035,AM
3036,TR
3037,EL
3038,KG
3039,ES
3040,ES
3041,KG
3042,KP
3043,EL
3044,AM
3045,ES
3046,KG
3047,EL
3048,KG
3049,TR
3050,AZ
3051,AZ
3052,EL
3053,TR
3054,CN
3055,TR
3056,TR
3057,IT
3058,ES
3059,AM
3060,TR
3061,US
3062,AM
3063,IT
3064,EL
3065,AL
3066,EL
3067,EL
3068,EL
3069,EL
3070,IT
3071,EL
3072,EL
3073,AF
3074,PK
3075,EL
3076,EL
3077,EL
3078,EL
3079,DZ
3080,EL
3081,PT
3082,AF
3083,EL
3084,EL
3085,EL
3086,CN
3087,DZ
3088,IQ
3089,EL
3090,EL
3091,IQ
3092,EL
3093,EL
3094,EL
3095,ES
3096,KR
3097,KR
3098,KR
3099,AF
3100,EL
3101,SY
3102,IQ
3103,EL
3104,TN
3105,EL
3106,EL
3107,IQ
3108,EL
3109,AF
3110,EL
3111,KR
3112,EL
3113,EL
3114,KR
3115,US
3116,US
3117,JP
3118,RU
3119,KZ
3120,IT
3121,KZ
3122,XI
3123,KZ
3124,SI
3125,RU
3126,RU
3127,UA
3128,RU
3129,IT
3130,RU
3131,CA
3132,RU
3133,UA
3134,HR
3135,FR
3136,UA
3137,RU
3138,CA
3139,UA
3140,RU
3141,UA
3142,RU
3143,RU
3144,RO
3145,UA
3146,HU
3147,HU
3148,FR
3149,RU
3150,FR
3151,RU
3152,RU
3153,KZ
3154,UA
3155,KZ
3156,HR
3157,RU
3158,IT
3159,HR
3160,CN
3161,EL
3162,TM
3163,TJ
3164,IT
3165,TJ
3166,US
3167,AM
3168,IT
3169,AM
3170,US
3171,US
3172,US
3173,IT
3174,IT
3175,IT
3176,AM
3177,AM
3178,US
3179,EL
3180,EL
3181,US
3182,US
3183,JP
3184,US
3185,JP
3186,US
3187,GE
3188,EL
3189,BG
3190,AL
3191,PT
3192,AL
3193,AZ
3194,AZ
3195,AZ
3196,IT
3197,TR
3198,ES
3199,TR
3200,TR
3201,US
3202,GE
3203,BG
3204,BG
3205,TR
3206,TM
3207,ES
3208,IT
3209,CN
3210,JP
3211,KG
3212,BG
3213,KP
3214,KZ
3215,IT
3216,MK
3217,IT
3218,TM
3219,HR
3220,KP
3221,ES
3222,ME
3223,KZ
3224,KZ
3225,CN
3226,CN
3227,ES
3228,ES
3229,ES
3230,HR
3231,AL
3232,AL
3233,AD
3234,AD
3235,IT
3236,AL
3237,AD
3238,HR
3239,HR
3240,TM
3241,HR
3242,RU
3243,HR
3244,KG
3245,IT
3246,BA
3247,BA
3248,FR
3249,CN
3250,HR
3251,ME
3252,HR
3253,HR
3254,FR
3255,FR
3256,RU
3257,IT
3258,HR
3259,HR
3260,KG
3261,ES
3262,HR
3263,GE
3264,HR
3265,IT
3266,XI
3267,XI
3268,HR
3269,BA
3270,ME
3271,XI
3272,GE
3273,JP
3274,XI
3275,CA
3276,HR
3277,XI
3278,FR
3279,BG
3280,ES
3281,MC
3282,ES
3283,FR
3284,HR
3285,FR
3286,US
3287,XI
3288,HR
3289,IT
3290,IT
3291,RU
3292,HR
3293,HR
3294,HR
3295,US
3296,BG
3297,US
3298,HR
3299,US
3300,HR
3301,US
3302,BG
3303,BG
3304,CA
3305,HR
3306,CA
3307,HR
3308,US
3309,HR
3310,US
3311,CA
3312,HR
3313,HR
3314,US
3315,XI
3316,HR
3317,CA
3318,HR
3319,HR
3320,HR
3321,CA
3322,HR
3323,CA
3324,KZ
3325,KZ
3326,KZ
3327,HR
3328,BA
3329,CN
3330,HR
3331,CA
3332,HR
3333,CA
3334,KZ
3335,KZ
3336,KZ
3337,HR
3338,BA
3339,RO
3340,JP
3341,BA
3342,KZ
3343,JP
3344,IT
3345,KZ
3346,RO
3347,HR
3348,RU
3349,KZ
3350,HU
3351,FR
3352,CN
3353,CA
3354,UK
3355,CA
3356,DE
3357,BE
3358,RU
3359,CA
3360,CA
3361,CA
3362,CA
3363,UK
3364,CA
3365,CA
3366,CA
3367,BE
3368,UK
3369,RU
3370,BE
3371,CA
3372,CA
3373,CA
3374,CA
3375,CA
3376,RU
3377,CA
3378,RU
3379,CA
3380,CA
3381,CZ
3382,CZ
3383,CZ
3384,FR
3385,BE
3386,US
3387,BE
3388,BE
3389,BE
3390,NL
3391,NL
3392,US
3393,BE
3394,BE
3395,BE
3396,BE
3397,PL
3398,US
3399,CA
3400,CA
3401,CA
3402,CA
3403,US
3404,UK
3405,US
3406,CA
3407,CA
3408,CA
3409,CA
3410,DK
3411,CA
3412,CA
3413,US
3414,LT
3415,LT
3416,CA
3417,US
3418,CA
3419,US
3420,US
3421,UK
3422,KZ
3423,CA
3424,PM
3425,UA
3426,RU
3427,AT
3428,CH
3429,AT
3430,CA
3431,RU
3432,CA
3433,CA
3434,RU
3435,FR
3436,CA
3437,CA
3438,CA
3439,CA
3440,FR
3441,AT
3442,CA
3443,CH
3444,CA
3445,CA
3446,CA
3447,FR
3448,CA
3449,CH
3450,MD
3451,RU
3452,CH
3453,CA
3454,HU
3455,AT
3456,CA
3457,US
3458,RU
3459,RO
3460,MD
3461,RU
3462,HU
3463,MD
3464,FR
3465,CA
3467,HU
3468,HU
3469,US
3470,AT
3471,US
3472,CA
3473,US
3474,US
3475,US
3476,US
3477,CA
3478,US
3479,AT
3480,RU
3481,CA
3482,CA
3483,US
3484,IE
3485,US
3486,CA
3487,US
3488,CA
3489,CA
3490,US
3491,US
3492,US
3493,US
3494,US
3495,US
3496,US
3497,US
3498,US
3499,CA
3500,US
3501,US
3502,CA
3503,US
3504,CA
3505,US
3506,CA
3507,US
3508,US
3509,CA
3510,US
3511,BY
3512,MN
3513,US
3514,US
3515,CA
3516,RU
3517,RU
3518,US
3519,US
3520,US
3521,CA
3522,US
3523,US
3524,CA
3525,CA
3526,CA
3527,US
3528,US
3529,US
3530,US
3531,CA
3532,US
3533,US
3534,CA
3535,CA
3536,CA
3537,US
3538,US
3539,US
3540,US
3541,US
3542,US
3543,IE
3544,RU
3545,IE
3546,CA
3547,IE
3548,CA
3549,NL
3550,CA
3551,CA
3552,CA
3553,RU
3554,CA
3555,CA
3556,RU
3557,CA
3558,AT
3559,RU
3560,US
3561,US
3562,CA
3563,US
3564,RU
3565,AT
3566,CA
3567,CA
3568,CA
3569,SK
3570,CA
3571,CN
3572,RU
3573,CN
3574,CN
3575,CA
3576,CA
3577,JE
3578,CA
3579,CA
3580,CA
3581,CA
3582,CA
3583,CA
3584,PL
3585,GG
3586,DE
3587,CA
3588,GG
3589,CZ
3590,CA
3591,FR
3592,CA
3593,CA
3594,PL
3595,RU
3596,CA
3597,CA
3598,GG
3599,CA
3600,CA
3601,RU
3602,CA
3603,UK
3604,US
3605,UK
3606,US
3607,US
3608,US
3609,US
3610,UK
3611,US
3612,US
3613,UK
3614,CA
3615,CA
3616,DK
3617,CA
3618,UK
3619,CA
3620,DK
3621,CA
3622,US
3623,CA
3624,CA
3625,CA
3626,SE
3627,CA
3628,RU
3629,UK
3630,CA
3631,US
3632,CA
3633,CA
3634,UK
3635,US
3636,CA
3637,DK
3638,CA
3639,UK
3640,CA
3641,UK
3642,UK
3643,UK
3644,US
3645,US
3646,CA
3647,CA
3648,CA
3649,US
3650,KZ
3651,US
3652,US
3653,US
3654,DK
3655,CA
3656,CA
3657,US
3658,CA
3659,DK
3660,CA
3661,US
3662,CA
3663,DK
3664,US
3665,US
3666,CA
3667,CA
3668,DK
3669,BY
3670,UK
3671,UK
3672,CA
3673,CA
3674,UK
3675,CA
3676,DK
3677,CA
3678,DK
3679,UK
3680,US
3681,DK
3682,CA
3683,US
3684,US
3685,US
3686,US
3687,DK
3688,CA
3689,US
3690,SE
3691,DK
3692,US
3693,US
3694,CA
3695,DK
3696,CA
3697,CA
3698,US
3699,US
3700,LT
3701,CA
3702,DK
3703,UK
3704,SE
3705,CA
3706,CA
3707,US
3708,BY
3709,BY
3710,CA
3711,CA
3712,UK
3713,US
3714,CA
3715,US
3716,CA
3717,DK
3718,DK
3719,CA
3720,DK
3721,US
3722,CA
3723,SE
3724,CA
3725,CA
3726,US
3727,CA
3728,CA
3729,CA
3730,CA
3731,CA
3732,CA
3733,LV
3734,CA
3735,CA
3736,CA
3737,CA
3738,SE
3739,SE
3740,CA
3741,CA
3742,CA
3743,NL
3744,DE
3745,NL
3746,CA
3747,NL
3748,RU
3749,CA
3750,RU
3751,CA
3752,IE
3753,NL
3754,RU
3755,UK
3756,CA
3757,NL
3758,NL
3759,NL
3760,NL
3761,CA
3762,CN
3763,US
3764,CA
3765,RU
3766,DE
3767,CA
3768,IE
3769,DE
3770,DE
3771,DE
3772,CA
3773,DE
3774,IE
3775,CA
3776,DE
3777,CA
3778,DE
3779,DE
3780,DE
3781,CA
3782,CA
3783,IE
3784,CA
3785,CA
3786,DE
3787,PL
3788,CA
3789,DE
3790,CA
3791,DE
3792,BY
3793,US
3794,US
3795,US
3796,CA
3797,US
3798,CA
3799,CA
3800,DE
3801,US
3802,CA
3803,CA
3804,US
3805,CA
3806,CA
3807,US
3808,RU
3809,CA
3810,RU
3811,RU
3812,CA
3813,LT
3814,IM
3815,US
3816,PL
3817,PL
3818,US
3819,CA
3820,RU
3821,RU
3822,DE
3823,RU
3824,RU
3825,CA
3826,DE
3827,DE
3828,CA
3829,CA
3830,DE
3831,PL
3832,RU
3833,DE
3834,RU
3835,DE
3836,US
3837,US
3838,DE
3839,PL
3840,US
3841,US
3842,CA
3843,DE
3844,DE
3845,RU
3846,CA
3847,CA
3848,DE
3849,DE
3850,DK
3851,CA
3852,CA
3853,US
3854,US
3855,DK
3856,DE
3857,DK
3858,US
3859,US
3860,DK
3861,US
3862,CA
3863,US
3864,CA
3865,CA
3866,IE
3867,CA
3868,RU
3869,DE
3870,IE
3871,DK
3872,US
3873,CA
3874,LT
3875,US
3876,RU
3877,US
3878,RU
3879,US
3880,US
3881,DK
3882,US
3883,US
3884,DK
3885,US
3886,DK
3887,RU
3888,UK
3889,DK
3890,US
3891,RU
3892,DK
3893,UK
3894,RU
3895,US
3896,US
3897,US
3898,CA
3899,RU
3900,LT
3901,US
3902,DK
3903,DK
3904,UK
3905,CA
3906,UK
3907,US
3908,DK
3909,US
3910,IE
3911,US
3912,CA
3913,RU
3914,US
3915,EE
3916,US
3917,SE
3918,CA
3919,SE
3920,SE
3921,SE
3922,SE
3923,UK
3924,SE
3925,EE
3926,RU
3927,EE
3928,EE
3929,EE
3930,SE
3931,RU
3932,CA
3933,CA
3934,NO
3935,US
3936,SE
3937,FI
3938,SE
3939,RU
3940,CA
3941,GL
3942,US
3943,GL
3944,FI
3945,RU
3946,NO
3947,US
3948,CA
3949,US
3950,FI
3951,GL
3952,FI
3953,FI
3954,FI
3955,FI
3956,FI
3957,GL
3958,GL
3959,US
3960,RU
3961,FI
3962,RU
3963,RU
3964,NO
3965,US
3966,FI
3967,RU
3968,NO
3969,US
3970,NO
3971,UK
3972,FI
3973,UK
3974,US
3975,FI
3976,US
3977,CA
3978,FI
3979,FI
3980,FI
3981,US
3982,FI
3983,FI
3984,US
3985,FI
3986,FI
3987,FI
3988,US
3989,FI
3990,FI
3991,US
3992,FI
3993,UK
3994,FI
3995,FI
3996,FI
3997,RU
3998,US
3999,GL
4000,FI
4001,US
4002,UK
4003,FI
4004,GL
4005,GL
4006,FI
4007,US
4008,US
4009,FI
4010,FI
4011,FI
4012,FI
4013,US
4014,FI
4015,RU
4016,FI
